,UNIQUEID,MUTATION,GROWTH,FRS
27,site.02.subj.0485.lab.235059-14.iso.1,Rv0678@141_ins_c,50.260805059003,0.371
28,site.02.subj.0485.lab.235059-14.iso.1,Rv0678@Q76!,50.260805059003,0.162
29,site.02.subj.0485.lab.235059-14.iso.1,Rv0678@t-8c,50.260805059003,0.294
35,site.02.subj.0913.lab.22A147.iso.1,Rv0678@G41V,30.288232900431083,0.467
36,site.02.subj.0913.lab.22A147.iso.1,Rv0678@R134!,30.288232900431083,0.165
37,site.02.subj.0913.lab.22A147.iso.1,Rv0678@R50G,30.288232900431083,0.401
40,site.02.subj.0943.lab.22A178.iso.1,Rv0678@-3_del_cttgtgag,13.707114954709034,0.431
41,site.02.subj.0943.lab.22A178.iso.1,Rv0678@16_del_g,13.707114954709034,0.477
88,site.03.subj.GB-94340127.lab.IML-01923.iso.1,Rv0678@192_ins_g,17.904277513127372,0.552
89,site.03.subj.GB-94340127.lab.IML-01923.iso.1,Rv0678@L114R,17.904277513127372,0.262
91,site.03.subj.KGZ-7919-2018.lab.7919-2018.iso.1,Rv0678@141_ins_c,23.27256358316453,0.561
102,site.04.subj.00599.lab.21901.iso.1,Rv0678@141_ins_c,9.629433767348079,0.288
103,site.04.subj.00599.lab.21901.iso.1,Rv0678@R135W,9.629433767348079,0.241
115,site.04.subj.01008.lab.717670.iso.1,Rv0678@141_ins_c,6.973188377209552,0.596
121,site.04.subj.01311.lab.734422.iso.1,Rv0678@132_ins_gt,5.2098051243407335,0.15
132,site.04.subj.01493.lab.727254.iso.1,Rv0678@138_ins_g,11.540449698921817,0.462
322,site.05.subj.CA-1743.lab.ME-04510-19.iso.1,Rv0678@192_ins_g,7.472120182959142,0.48
323,site.05.subj.CA-1743.lab.ME-04510-19.iso.1,Rv0678@M139R,7.472120182959142,0.235
324,site.05.subj.CA-1743.lab.ME-04510-19.iso.1,Rv0678@S68G,7.472120182959142,0.14
333,site.05.subj.LR-2285.lab.FN-00492-18.iso.1,Rv0678@192_ins_g,0.5947360866731508,0.878
350,site.05.subj.LR-3440.lab.CR-00233-15.iso.1,Rv0678@192_ins_g,30.950244144662808,0.133
387,site.05.subj.PMOP-0526.lab.MOP-044.iso.1,Rv0678@491_ins_cg,9.385031507138079,0.196
436,site.06.subj.AF15143.lab.06MIL1545.iso.1,Rv0678@418_ins_g,62.004289948450115,0.697
461,site.06.subj.RLH_0300-14.lab.06MIL0295.iso.1,Rv0678@141_ins_c,17.001944790939195,0.579
466,site.06.subj.SGD_0084-14.lab.06MIL0410.iso.1,Rv0678@192_ins_g,24.76544798007969,0.852
467,site.06.subj.SGD_0087-14.lab.06MIL0412.iso.1,Rv0678@192_ins_g,22.143791509138907,0.571
490,site.08.subj.02TB0187.lab.17344.iso.1,Rv0678@G121R,0.8778173190984578,0.2
521,site.10.subj.BC01301735.lab.BC01301735.iso.1,Rv0678@465_ins_c,1.5409700686802263,0.833
522,site.10.subj.BC01301735.lab.BC01301735.iso.1,Rv0678@R109L,1.5409700686802263,0.182
531,site.10.subj.BC01591120.lab.BC01591120.iso.1,Rv0678@141_ins_c,11.951109176857978,0.23
532,site.10.subj.BC01599194.lab.BC01599194.iso.1,Rv0678@289_del_c,16.649665386738494,0.512
533,site.10.subj.BC01610880.lab.BC01610880.iso.1,Rv0678@141_ins_c,5.497256136031788,0.207
554,site.10.subj.GC00541693.lab.GC00541693.iso.1,Rv0678@G121R,9.941305578329171,0.721
560,site.10.subj.JB00552550.lab.JB00552550.iso.1,Rv0678@193_indel,9.113422486379395,0.416
561,site.10.subj.JB00552550.lab.JB00552550.iso.1,Rv0678@R132!,9.113422486379395,0.239
565,site.10.subj.JE01615362.lab.JE01615362.iso.1,Rv0678@192_ins_g,7.420407343409191,0.403
566,site.10.subj.JE01615362.lab.JE01615362.iso.1,Rv0678@T33P,7.420407343409191,0.358
576,site.10.subj.LA00815854.lab.LA00815854.iso.1,Rv0678@P48L,8.302924642241857,0.143
589,site.10.subj.TC00836558.lab.TC00836558.iso.1,Rv0678@132_ins_gt,20.493295345593015,0.871
596,site.10.subj.TD02935590.lab.TD02935590.iso.1,Rv0678@193_del_g,2.120426756554784,0.707
599,site.10.subj.TD02990083.lab.TD02990083.iso.1,Rv0678@138_indel,7.970454618374067,0.077
600,site.10.subj.TD02990083.lab.TD02990083.iso.1,Rv0678@141_ins_c,7.970454618374067,0.418
615,site.10.subj.UH01142796.lab.UH01142796.iso.1,Rv0678@192_ins_g,12.314054403974856,0.361
618,site.10.subj.UH01206306.lab.UH01206306.iso.1,Rv0678@383_del_c,11.621048316851976,0.29
627,site.10.subj.UH01309735.lab.UH01309735.iso.1,Rv0678@141_ins_c,9.027551967925875,0.553
628,site.10.subj.UH01309735.lab.UH01309735.iso.1,Rv0678@W42G,9.027551967925875,0.265
635,site.10.subj.WG00267926.lab.WG00267926.iso.1,Rv0678@132_ins_gt,5.547300643883109,0.147
637,site.10.subj.WG00269790.lab.WG00269790.iso.1,Rv0678@132_ins_gt,8.077647219637905,0.519
642,site.10.subj.XC00297731.lab.XC00297731.iso.1,Rv0678@141_ins_c,13.883874423479545,0.171
661,site.10.subj.XD01814412.lab.XD01814412.iso.1,Rv0678@141_ins_c,18.050187001647263,0.532
669,site.10.subj.XD02077323.lab.XD02077323.iso.1,Rv0678@141_ins_c,6.274571066602358,0.773
679,site.10.subj.XD02235660.lab.XD02235660.iso.1,Rv0678@141_ins_c,2.4679753777587785,0.786
701,site.10.subj.XD02583671.lab.XD02583671.iso.1,Rv0678@141_ins_c,9.244156252172816,0.288
720,site.10.subj.XG00553870.lab.XG00553870.iso.1,Rv0678@193_del_g,4.325201744604764,0.366
721,site.10.subj.XG00553870.lab.XG00553870.iso.1,Rv0678@274_ins_a,4.325201744604764,0.169
722,site.10.subj.XI00147693.lab.XI00147693.iso.1,Rv0678@192_ins_g,4.46546371000624,0.818
726,site.10.subj.XN00687819.lab.XN00687819.iso.1,Rv0678@G65E,13.178150461195573,0.304
727,site.10.subj.YA00013544.lab.YA00013544.iso.1,Rv0678@192_ins_g,24.273045581705173,0.163
728,site.10.subj.YA00013544.lab.YA00013544.iso.1,Rv0678@Y157C,24.273045581705173,0.186
729,site.10.subj.YA00013544.lab.YA00013544.iso.1,Rv0678@Y26C,24.273045581705173,0.274
740,site.10.subj.YA00028641.lab.YA00028641.iso.1,Rv0678@141_ins_c,8.691607676780452,0.427
741,site.10.subj.YA00035967.lab.YA00035967.iso.1,Rv0678@140_ins_tc,1.2894906511927788,0.632
745,site.10.subj.YA00039338.lab.YA00039338.iso.1,Rv0678@292_del_a,11.540366518078258,0.249
748,site.10.subj.YA00040360.lab.YA00040360.iso.1,Rv0678@138_ins_g,9.485408103304122,0.882
755,site.10.subj.YA00053964.lab.YA00053964.iso.1,Rv0678@138_ins_g,14.39089445284364,0.55
756,site.10.subj.YA00053964.lab.YA00053964.iso.1,Rv0678@R135W,14.39089445284364,0.51
758,site.10.subj.YA00099903.lab.YA00099903.iso.1,Rv0678@141_ins_c,12.572533849129593,0.206
762,site.10.subj.YA00118045.lab.YA00118045.iso.1,Rv0678@141_ins_c,17.19094910802548,0.889
764,site.10.subj.YA00119345.lab.YA00119345.iso.1,Rv0678@W42!,3.235639243478119,0.25
765,site.10.subj.YA00119345.lab.YA00119345.iso.1,Rv0678@Y157!,3.235639243478119,0.673
766,site.10.subj.YA00125758.lab.YA00125758.iso.1,Rv0678@138_ins_g,3.7550548815713456,0.747
774,site.10.subj.YA00127802.lab.YA00127802.iso.1,Rv0678@289_del_c,32.74959857060967,0.713
775,site.10.subj.YA00127808.lab.YA00127808.iso.1,Rv0678@A36V,10.701431181340132,0.149
776,site.10.subj.YA00127808.lab.YA00127808.iso.1,Rv0678@S53L,10.701431181340132,0.255
777,site.10.subj.YA00127809.lab.YA00127809.iso.1,Rv0678@141_ins_c,18.87072808320951,0.361
778,site.10.subj.YA00127809.lab.YA00127809.iso.1,Rv0678@29_ins_gg,18.87072808320951,0.328
779,site.10.subj.YA00127809.lab.YA00127809.iso.1,Rv0678@L114P,18.87072808320951,0.171
783,site.10.subj.YA00128258.lab.YA00128258.iso.1,Rv0678@141_ins_c,5.7281647571639605,0.265
